country,statename,first,last,ignore,duplicate,party,name_english,name,comment-coding
AFG,Afghanistan,1929,1973,,,Barakzay,Pashtun [tribe from Kandahar],,
AFG,Afghanistan,1973,1978,,,NRP,National Revolutionary Party,,
AFG,Afghanistan,1978,1992,,,HDK,People’s Democratic Party of Afghanistan,,
AFG,Afghanistan,1992,1996,,,JIA,Islamic Association of Afghanistan,,
AFG,Afghanistan,1992,1992,,,JNM,National Liberation Front of Afghanistan,,
AFG,Afghanistan,1996,2001,,,Tal,,,
AGO,Angola,1975,1979,,,MPLA-PT,Popular Liberation Movement of Angola-Labor Party,,
ALB,Albania,1925,1944,,,Mati,,,
ALB,Albania,1944,1992,,,PPS,Albanian Workers’ Party,,
ALB,Albania,1992,2005,,,PDS,,,
ALB,Albania,1997,2005,,,PSS,,,
ARE,United Arab Emirates,1971,2004,,,Al-Nahyan,Al Nahyan [family],,
ARG,Argentina,1922,2001,,,UCR,Radical Civic Union,,
ARG,Argentina,1932,1938,,,CC,Concordance,,
ARG,Argentina,1946,1955,,,PL,Labor Party,Partitdo Laborista,
ARG,Argentina,1946,1955,,,PP,Partido Peronista,,
ARG,Argentina,1958,1962,,,UCRI,Radical Intransigent Civic Union,Unión Cívica Radical Intransigente,
ARG,Argentina,1963,1966,,,UCRP,Radical Civic Union,,
ARG,Argentina,1973,1973,,,FJL,Justicialist Liberation Front,,
ARG,Argentina,1973,2007,,,PJ,Justicalist Party,Partido Justicialista,
ARG,Argentina,1999,2001,,,AL,,,
ARM,Armenia,1998,1998,,,HHS,Hayots Hamazgain Sharzhum,,
ARM,Armenia,2008,2008,,,HHK,Hayastani Hanrapetakan Kusaktsutyun,,
AUS,Australia,1923,1941,,,ACP,Country Party,,
AUS,Australia,1923,2007,,,NP,,,
AUS,Australia,1929,1996,,,ALP,Australian Labor,,
AUS,Australia,1932,1941,,,UAP,,,
AUS,Australia,1949,1983,,,CNT,,,
AUS,Australia,1949,2007,,,LP,,,
AUT,Austria,1920,1961,,,CS,,,
AUT,Austria,1920,1932,,,GV,Greater German People’s Party,,
AUT,Austria,1920,2008,,,OVP,,,
AUT,Austria,1920,1961,,,SDAP,,,
AUT,Austria,1920,2008,,,SPO,,,
AUT,Austria,1926,1934,,,L,Agrarian League,,
AUT,Austria,1930,1934,,,HB,Heimatblock,,
AUT,Austria,1932,1934,,,VF,,,
AUT,Austria,1983,2007,,,FPO,,,
AUT,Austria,2.00E+03,2007,,,BZO,,,
AZE,Azerbaijan,1992,1993,,,AKC,Azerbaijani Popular Front (nationalist),Azerbaycan Khalq Cabhasi,
AZE,Azerbaijan,1993,2003,,,YAP,,,
BDI,Burundi,1962,1966,,,Mwambutsa,,,
BDI,Burundi,1966,2003,,,UPRONA,Progrès National,,
BDI,Burundi,1993,2005,,,FRODEBU,,,
BDI,Burundi,2005,2005,,,CNDD-FDD,Défense de Démocratie,,
BEL,Belgium,1920,1939,,,CP,Catholics,,
BEL,Belgium,1920,1945,,,Lib,,,
BEL,Belgium,1920,1945,,,Soc,,,
BEL,Belgium,1939,1945,,,PCS-KVV,Social Catholic Party-Catholic Flemish People's Party,,
BEL,Belgium,1945,2008,,,BSP,Belgian Socialist Party,,
BEL,Belgium,1945,1999,,,CVP,Christian People’s Party,,
BEL,Belgium,1945,1946,,,DU,Democratic Union,,
BEL,Belgium,1945,1946,,,ICAT,unknown,,"CHISOLS: ""it is unclear what ICAT stands for and Broughton and Donovan 1999, p. 185 do not list ICAT"""
BEL,Belgium,1945,1947,,,KPB,Communist Party of Belgium,,
BEL,Belgium,1945,1968,,,LP,Liberal Party,,
BEL,Belgium,1968,1999,,,PSC,Parti Social Chrétien,,
BEL,Belgium,1973,1992,,,PVV,,,
BEL,Belgium,1974,1981,,,FDF,Fédéralistes Démocrates Francophones,,
BEL,Belgium,1974,1978,,,PLP,,,
BEL,Belgium,1974,1978,,,PRLW,,,
BEL,Belgium,1974,1978,,,RW,,,
BEL,Belgium,1974,1992,,,VU,People’s Union,,
BEL,Belgium,1979,1992,,,PRL,,,
BEL,Belgium,1979,2008,,,PSB,,,
BEL,Belgium,1999,2008,,,Agalev,,,
BEL,Belgium,1999,2008,,,CD&V-NVA,,,
BEL,Belgium,1999,2008,,,CDH,,,
BEL,Belgium,1999,2008,,,Ecolo,,,
BEL,Belgium,1999,2008,,,MR,,,
BEL,Belgium,1999,2008,,,PRL-FDF,,,
BEL,Belgium,1999,2008,,,SPA-Spirit,,,
BEL,Belgium,1999,2008,,,VLD,,,
BEN,Benin,1963,1972,,,RDD,Rassemblement Démocratique du Dahomé,,
BEN,Benin,1964,1972,,,PD,Parti Démocratique,,
BEN,Benin,1972,1996,,,PRB,,,
BEN,Benin,1972,1991,,,PRPB,,,
BEN,Benin,1996,2006,,,FARD,,,
BFA,Burkina Faso,1960,1966,,,UDV,Union Démocratique du Volta party,,
BFA,Burkina Faso,1966,1980,,,MNR,Nationalist Revolutionary Movement,,
BFA,Burkina Faso,1971,1974,,,UDV-RDA,,,
BFA,Burkina Faso,1987,1987,,,CDP,,,
BFA,Burkina Faso,1987,1987,,,FP,Front Popular,,
BFA,Burkina Faso,1987,1987,,,ODP-MT,,,
BGD,Bangladesh,1972,2001,,,BAL,,,
BGD,Bangladesh,1975,2006,,,BJD,Bengal Nationalist Party,,
BGD,Bangladesh,1982,2001,,,JD,Jatiyo Dal,,
BGD,Bangladesh,1996,2001,,,JSD-Rab,,,
BGD,Bangladesh,2001,2006,,,Jammat,,,
BGD,Bangladesh,2001,2006,,,JP,,,
BGD,Bangladesh,2001,2006,,,OIJ,Islami Oikya Jote,,
BGR,Bulgaria,1944,1946,,,NSZ,Zveno Peoples’ League,,
BGR,Bulgaria,1944,1946,,,OF,Fatherland Front,,
BGR,Bulgaria,1946,1990,,,BKP,,,
BGR,Bulgaria,1990,1997,,,BSP,,,
BGR,Bulgaria,1991,2001,,,SDS,Union of Democratic Forces,,
BGR,Bulgaria,2001,2005,,,MDL,Movement for Rights and Freedoms,,
BGR,Bulgaria,2001,2005,,,NDSV,National Movement Simeon II,,
BGR,Bulgaria,2005,2005,,,BSP-KzB,,,
BGR,Bulgaria,2005,2005,,,DPS,,,
BIH,Bosnia and Herzegovina,1998,2006,,,SDA,,,
BIH,Bosnia and Herzegovina,1998,2001,,,SPRS,,,
BIH,Bosnia and Herzegovina,1999,2006,,,HDZ,,,
BIH,Bosnia and Herzegovina,2001,2008,,,SDP,,,
BIH,Bosnia and Herzegovina,2002,2008,,,SBiH,,,
BIH,Bosnia and Herzegovina,2002,2005,,,SDS,,,
BIH,Bosnia and Herzegovina,2006,2008,,,SNSD,,,
BOL,Bolivia,1920,1936,,,PL,Liberal Party,,
BOL,Bolivia,1920,1934,,,PR,Republican Party,,
BOL,Bolivia,1943,1946,,,Radepa-MNR,Nationalist Revolutionary Movement,,
BOL,Bolivia,1947,1951,,,PURS,Republican Socialist Unity Party,,
BOL,Bolivia,1952,2003,,,MNR,Nationalist Revolutionary Movement,,
BOL,Bolivia,1966,1969,,,FRB,Front of the Bolivian Revolution ,,
BOL,Bolivia,1969,1969,,,PSD-FRB,Partido Socialista Democrática (member of FRB),,
BOL,Bolivia,1979,1979,,,MNRA,Nationalist Revolutionary Movement,,
BOL,Bolivia,1979,1980,,,PRIN,Revolutionary Party of the Nationalist Left,,
BOL,Bolivia,1982,1985,,,MNRI,Nationalist Revolutionary Movement of the Left,,
BOL,Bolivia,1989,1993,,,MIR,Movement of Revolutionary Left,,
BOL,Bolivia,1997,2002,,,ADN,Nationalist Democratic Action,,
BOL,Bolivia,2006,2006,,,MAS,Movement towards Socialism,,
BRA,Brazil,1919,1926,,,PRM,Republican Party Minas,,
BRA,Brazil,1926,1930,,,PRP,Republican Party Paulista,,
BRA,Brazil,1946,1961,,,PSD,Social Democratic Party,,
BRA,Brazil,1951,1964,,,PTB,Brazilian Labor Party,,
BRA,Brazil,1961,1961,,,PDC,Christian Democratic Party,,
BRA,Brazil,1969,1985,,,ARENA,National Renovating Alliance,,
BRA,Brazil,1985,1995,,,PMDB,Democratic Movement Party,Partido do Movimento Democrático Brasileiro,
BRA,Brazil,1990,1992,,,PRN,Party of National Reconstruction,,
BRA,Brazil,1995,2003,,,PSDB,Party of the Brazilian Social Democracy,,
BRA,Brazil,2003,2003,,,PT,Labour Party,,
BTN,Bhutan,1972,2008,,,Wangchuk,Wangchuk Dynasty,,
BTN,Bhutan,2008,1947,,,DPT,Druk Phuensum Tshogpa/Bhutan Peace and Prosperity Party,,
BWA,Botswana,1966,2008,,,BDP,Botswana Democratic Party,,
CAF,Central African Republic,1960,1981,,,MESAN,Mouvement d'Évolution Sociale d'Afrique Noire,,
CAF,Central African Republic,1979,1981,,,UDC,Union Démocratique Centrafricain,,
CAF,Central African Republic,1981,1993,,,RDC,Mil to Rassemblement Démocratique Centrafricain,,
CAF,Central African Republic,1993,2003,,,MLPC,Libération du Peuple Centrafricain,,
CAN,Canada,1920,1935,,,CP,Conservative Party,,
CAN,Canada,1921,2006,,,LP,Liberal Party,,
CAN,Canada,1957,1993,,,PC,Progressive Conservative Party,,
CAN,Canada,2006,2006,,,CPC,Conservative Party of Canada,,
CHE,Switzerland,1919,2008,,,CVP,Christlich-Demokratische Volkspartei,,
CHE,Switzerland,1919,2008,,,FDP,FreisinnigDemokratische Partei,,
CHE,Switzerland,1919,1920,,,LP,Liberal Party,,
CHE,Switzerland,1929,2008,,,SVP,Schweizerische Volkspartei,,
CHE,Switzerland,1943,2008,,,SP,,,
CHL,Chile,1920,1938,,,PL,Liberal Party,,
CHL,Chile,1920,1931,,,PLD,Liberal Democratic Party,,
CHL,Chile,1931,1952,,,PR,"Montero, Radical Party",,
CHL,Chile,1946,1946,,,FP,,,
CHL,Chile,1952,1958,,,APL,,,
CHL,Chile,1958,1964,,,PC,,,
CHL,Chile,1964,1970,,,PDC,,,
CHL,Chile,1970,1973,,,PS-UP,,,
CHL,Chile,1990,2006,,,Concertacion,,,
CHN,China,1928,1949,,,KMT,,,
CHN,China,1940,1944,,,KMT-WC,,,
CHN,China,1949,2003,,,CPC,,,
CIV,Ivory Coast,1960,1999,,,PDCI,Parti Démocratique de Côte d'Ivoire-Rassemblement Démocratique Africain,,
CIV,Ivory Coast,2.00E+03,1958,,,FPI,Front Populaire Ivorien,,
CMR,Cameroon,1960,1982,,,UC,Union du Camerounais,,
CMR,Cameroon,1960,1982,,,UNC,,,
CMR,Cameroon,1982,1960,,,RDPC,,,
COD,Democratic Republic of the Congo,1960,1965,,,ABAKO,Bakongo,,
COD,Democratic Republic of the Congo,1960,1960,,,MNC-L,Movement Congolese Nationaux Congolese-Lumumba,,
COD,Democratic Republic of the Congo,1965,1997,,,MRP,,,
COD,Democratic Republic of the Congo,1997,2001,,,AFDL,,,
COD,Democratic Republic of the Congo,2001,1962,,,PPRD,,,
COG,Congo,1960,1963,,,UDDIA,Défense d'Intérêts Africains,,
COG,Congo,1963,1968,,,MNR,National Révolutionnaire Mouvement,,
COG,Congo,1969,1992,,,PCT,,,
COG,Congo,1992,1997,,,UPADS,,,
COG,Congo,1997,1960,,,FDU,,,
COL,Colombia,1921,2002,,,PCS,Social Conservative Party,,
COL,Colombia,1930,1998,,,PL,Liberal Party,,
COL,Colombia,2002,2002,,,PC,,,
COM,Comoros,1978,1978,,,RDPC,Rassemblement Démocratique du Peuple Comorien,,
COM,Comoros,1989,1996,,,RDR,Renouveau,,
COM,Comoros,1989,1995,,,UCP,Comoran Union for Progress,,
COM,Comoros,1996,1998,,,RND,,,
COM,Comoros,2002,2006,,,CRC,,,
COM,Comoros,2002,2002,,,PRC,,,
COM,Comoros,2006,1968,,,FNS,,,
CRI,Costa Rica,1920,1924,,,PCon,,,
CRI,Costa Rica,1924,1928,,,PR,Republican Party,,
CRI,Costa Rica,1928,1932,,,Civ,Civil Party,Partido Civil,
CRI,Costa Rica,1932,1948,,,PRN,,,
CRI,Costa Rica,1948,1948,,,BV,,,
CRI,Costa Rica,1948,1949,,,PSD,,,
CRI,Costa Rica,1949,1970,,,PUN,,,
CRI,Costa Rica,1953,2006,,,PLN,,,
CRI,Costa Rica,1978,1982,,,PRD,,,
CRI,Costa Rica,1978,1982,,,UC,,,
CRI,Costa Rica,1990,2006,,,PUSC,,,
CUB,Cuba,1921,1921,,,PC,Conservative Party,,
CUB,Cuba,1921,1925,,,PPC-LN,Cuban Popular [Liberal] Party,,President Alfredo Zayas y Alfonso (Liberal Party) in 1920
CUB,Cuba,1925,1933,,,PL,Liberal Party,,
CUB,Cuba,1933,1933,,,ABC,ABC Revolutionary Society Party,,
CUB,Cuba,1933,1934,,,PRC,Cuban Revolutionary Party,,
CUB,Cuba,1934,1940,,,UN,National Union,,
CUB,Cuba,1940,1944,,,CSD,Social Democratic Coalition,,
CUB,Cuba,1944,1952,,,PRC-A,,,
CUB,Cuba,1952,1959,,,PAP,,,
CUB,Cuba,1952,1959,,,PAU,,,
CUB,Cuba,1959,2008,,,MR-26-7,Revolutionary Movement of Jul 26th (communist),Movemiento Revolucionario de 26 Julio,source: Worldstatesmen.org
CUB,Cuba,1959,2008,,,ORI,Integrated Revolutionary Organizations,Organizaciones Revolucionarias Integradas,source: Worldstatesmen.org
CUB,Cuba,1959,2008,,,PCC,,,
CUB,Cuba,1959,2008,,,PRUSC,,,
CYP,Cyprus,1974,1974,,,Eniaion,,,
CYP,Cyprus,1974,1974,,,EOKA,,,
CYP,Cyprus,1977,2008,,,DIKO,Democratic Party,,
CYP,Cyprus,1993,2003,,,DISY,Democratic Coalition,,
CYP,Cyprus,2008,2008,,,AKEL,Working People,,
CZE,Czechoslovakia,1919,1938,,,CND,Czechoslovak National Democratic Party,,
CZE,Czechoslovakia,1919,1938,,,CNSS,National Socialists,,
CZE,Czechoslovakia,1919,1938,,,CSDS,Social Democratic Party,,
CZE,Czechoslovakia,1919,1938,,,RSZML,Agrarians,,
CZE,Czechoslovakia,1921,1938,,,CSL,,,
CZE,Czechoslovakia,1922,1938,,,CZOSS,Small Traders Party,,
CZE,Czechoslovakia,1926,1938,,,BdL,,,
CZE,Czechoslovakia,1926,1938,,,DCVP,German Christian Social Party,,
CZE,Czechoslovakia,1926,1932,,,HSL'S,Hlinka’s Slovak People’s Party,,
CZE,Czechoslovakia,1929,1938,,,DSAP,Social Democrats,,
CZE,Czechoslovakia,1945,1948,,,CNSP,,,
CZE,Czechoslovakia,1945,1948,,,CPP,,,
CZE,Czechoslovakia,1945,1948,,,CSDP,,,
CZE,Czechoslovakia,1945,1948,,,DP,,,
CZE,Czechoslovakia,1945,1992,,,KSC,Communist Party of Czechoslovakia,,
CZE,Czechoslovakia,1989,1992,,,CDU,Civic Democratic Union,,
CZE,Czechoslovakia,1989,1992,,,Civic,,,
CZE,Czechoslovakia,1989,1992,,,Forum,,,
CZE,Czechoslovakia,1989,1992,,,KDS-CSL,,,
CZE,Czechoslovakia,1989,1992,,,PAV,Slovak Public Again Violence,,
CZE,Czechoslovakia,1992,1993,,,HZDS,Movement for a Democratic Slovakia [Public Against Violence],,HZDS run only in Slovak elections. Successor of PAV.
CZE,Czechoslovakia,1992,1993,,,KDU-CSL,,,
CZE,Czechoslovakia,1992,1993,,,ODS-KDS,,,
CZE,Czech Republic,1993,2006,,,KDU-CSL,,,
CZE,Czech Republic,1993,1997,,,ODA,,,
CZE,Czech Republic,1993,1997,,,ODS,Civic Democratic Party,,
CZE,Czech Republic,1998,2006,,,CSSD,Social Democrats,,
CZE,Czech Republic,2002,2006,,,US-DEU,,,
CZE,Czech Republic,2006,1993,,,SZ,,,
DDR,German Democratic Republic,1971,1989,,,SED,Socialist Unity Party,,
DDR,German Democratic Republic,1989,1989,,,SED-PDS,Party of Democratic Socialism,,
DEU,Germany,1919,2005,,,CDU,Christian Democratic Union,,
DEU,Germany,1919,1998,,,DDP,German Democratic Party,Deutsche Demokratische Partei,
DEU,Germany,1919,1998,,,FPD,,,
DEU,Germany,1919,2005,,,SPD,Social Democratic Party,,
DEU,Germany,1919,1998,,,Z,Center Party,Zentrum,
DEU,Germany,1920,1932,,,DVP,,,
DEU,Germany,1923,1932,,,BVP,Bavarian People’s Party,,
DEU,Germany,1925,1933,,,DNVP,,,
DEU,Germany,1930,1932,,,DSTP,,,
DEU,Germany,1930,1932,,,KVP,,,
DEU,Germany,1930,1933,,,LV,,,
DEU,Germany,1930,1932,,,WP,Wirtschaftspartei,,
DEU,Germany,1933,1945,,,NSDAP,,,
DEU,Germany,1963,1963,,,DP,,,
DEU,Germany,1963,1982,,,FDP,Free Democrats,,
DEU,Germany,1963,1963,,,GBHE,,,
DEU,Germany,1998,2005,,,Greens,,,
DJI,Djibouti,1977,1999,,,RPP,Progrès,,
DNK,Denmark,1920,1945,,,LP-V,Liberal Left,Venstre,
DNK,Denmark,1920,1945,,,RP,Radical Left (Det Radicale Venstre),,
DNK,Denmark,1920,2001,,,SD,Social Democrats,,
DNK,Denmark,1929,1945,,,KF,Det Konservative Folkeparti,,
DNK,Denmark,1945,1945,,,COM,Danmarks Kommunistiske Parti,,
DNK,Denmark,1945,1945,,,DS,Dansk Samling,,
DNK,Denmark,1945,1993,,,LIB,,Venstre,
DNK,Denmark,1950,1993,,,CON,Conservative People’s Party,,
DNK,Denmark,1955,1962,,,JP,Justice Party,,
DNK,Denmark,1955,2001,,,RAD,Radical Left Party,,
DNK,Denmark,1982,2001,,,CDM,Centre Democrats,,
DNK,Denmark,1982,2001,,,CPP,Christian People’s Party,,
DOM,Dominican Republic,1924,1930,,,PNG,National Progressive Party,,
DOM,Dominican Republic,1930,1962,,,PD,Dominican Party,,
DOM,Dominican Republic,1930,1963,,,Rep,Republican Party,,
DOM,Dominican Republic,1963,2004,,,PRD,Revolutionary Dominican Party,,
DOM,Dominican Republic,1963,1965,,,UCN,Civic National Union,,
DOM,Dominican Republic,1965,1996,,,PRSC,Social Christian Reformist Party,,"CHISOLS: ""According to Cahoon (2012), PRSC and PR are the same party. However, as of 1966, it is appropriate to use PRSC since it was 1985 when PRSC changed its name to PR"""
DOM,Dominican Republic,1996,2.00E+03,,,PLD,Dominican Liberation Party,,
DZA,Algeria,1962,1992,,,FLN,Libération Nationale,,
ECU,Ecuador,1920,1944,,,PLR,Radical Liberal Party,,
ECU,Ecuador,1931,1940,,,PL,Liberal Party,,
ECU,Ecuador,1932,1932,,,VR,Revolutionary Socialist Vanguard,,
ECU,Ecuador,1934,1947,,,AD,Democratic Alliance,,
ECU,Ecuador,1947,1947,,,PCE,,,
ECU,Ecuador,1948,1952,,,MCDN,Movimiento Civico Ecuatoriano,,
ECU,Ecuador,1952,1972,,,FNV,Federación Nacional Velasquista (National Velasquista Federation),,
ECU,Ecuador,1956,1960,,,MSC,Movimiento Social Cristiano,,
ECU,Ecuador,1961,1963,,,PNR,,,
ECU,Ecuador,1966,1968,,,CID,,,
ECU,Ecuador,1979,1981,,,CFP,Popular Forces,,
ECU,Ecuador,1981,2003,,,DP-UDC,People's Democracy-Christian Democrat Union,,
ECU,Ecuador,1984,1988,,,PSC,Social-Christian Party,,
ECU,Ecuador,1988,1992,,,ID,,,
ECU,Ecuador,1992,1996,,,PUR,,,
ECU,Ecuador,1996,1997,,,PRE,Roldosista Ecuadorian Party,,
ECU,Ecuador,1997,1998,,,FRA,,,
ECU,Ecuador,1997,1997,,,MIAR,,,
ECU,Ecuador,2003,2005,,,PSP,Party Patriotic Society,,
ECU,Ecuador,2005,2007,,,DP,Democracy Popular,,
ECU,Ecuador,2007,2007,,,AP,Country Alliance movement,,
EGY,Egypt,1952,1952,,,Ali,,,
EGY,Egypt,1952,1970,,,LR,,,
EGY,Egypt,1952,1952,,,Muhammad,,,
EGY,Egypt,1954,1981,,,ASU,,,
EGY,Egypt,1954,1970,,,NU,,,
EGY,Egypt,1970,1981,,,HDW,,,
ERI,Eritrea,1993,1975,,,PFDJ,People's Front for Democracy and Justice,,
ESP,Spain,1919,1922,,,Dem,,,
ESP,Spain,1919,1922,,,Lib,,,
ESP,Spain,1919,1939,,,PC,,,
ESP,Spain,1919,1923,,,PL,Liberal Party,,
ESP,Spain,1931,1933,,,ACR,,,
ESP,Spain,1931,1939,,,ER,Catalan Esquerra Republicana,,
ESP,Spain,1931,1933,,,FR,Federal Republican Party,,
ESP,Spain,1931,1933,,,ORGA,,,
ESP,Spain,1931,1931,,,PRC,,,
ESP,Spain,1931,1936,,,PRR,,,
ESP,Spain,1931,1933,,,PRS,,,
ESP,Spain,1931,2004,,,PSOE,Partido Socialista Obrero Español,,
ESP,Spain,1931,1933,,,RA,Republican Action Party,,
ESP,Spain,1931,1933,,,RSR,,,
ESP,Spain,1933,1935,,,Ag,,,
ESP,Spain,1933,1933,,,AR,,,
ESP,Spain,1933,1933,,,IRS,,,
ESP,Spain,1933,1933,,,ISR,,,
ESP,Spain,1933,1936,,,PLD,,,
ESP,Spain,1933,1934,,,PRP,,,
ESP,Spain,1934,1935,,,CEDA,,,
ESP,Spain,1935,1935,,,Lliga,,,
ESP,Spain,1935,1936,,,Rad.Dis.,,,
ESP,Spain,1936,1939,,,CNT,,,
ESP,Spain,1936,1937,,,CNT-FAT,,,
ESP,Spain,1936,1939,,,IR,,,
ESP,Spain,1936,1939,,,PNV,,,
ESP,Spain,1936,1939,,,UR,Union Republicana,,
ESP,Spain,1939,1976,,,FET,,,
ESP,Spain,1976,1982,,,UCD,,,
ESP,Spain,1996,2004,,,PP,Partido Popular,,
EST,Estonia,1919,1919,,,EMRL,Union of Rural People,,
EST,Estonia,1919,1933,,,ER,People’s Party,,
EST,Estonia,1919,1932,,,ETE,Labor Party,,
EST,Estonia,1919,2005,,,SDE,,,
EST,Estonia,1921,1931,,,KRE,Christian People’s Party,,
EST,Estonia,1921,1991,,,PK,Unions of Farmers,,
EST,Estonia,1925,1933,,,Ansiedler,,,
EST,Estonia,1928,1932,,,ESTP,Estonian Socialist Party of Workers,,
EST,Estonia,1932,1933,,,Center,,,
EST,Estonia,1932,1932,,,NCP,National Centre Party,,
EST,Estonia,1932,1932,,,PKK,,,
EST,Estonia,1933,1991,,,I,Fatherland League,,
EST,Estonia,1991,1997,,,R,,,
EST,Estonia,1992,1992,,,EK,,,
EST,Estonia,1992,1994,,,ERSP,Moderates and Estonian National Independence Party,,
EST,Estonia,1992,1994,,,Isamaa,,,
EST,Estonia,1992,2002,,,Moderates,,,
EST,Estonia,1995,1997,,,K,Coalition Party,,
EST,Estonia,1995,1997,,,KMU,Koonderakond ja Maarahva Ühendus,,
EST,Estonia,1995,1999,,,KMU-K,,,
EST,Estonia,1999,2002,,,IERSP,,,
EST,Estonia,1999,2005,,,RE,,,
EST,Estonia,2002,2005,,,Kesk,,,
EST,Estonia,2003,2005,,,ERL,People's Union of Estonia,,ERK(PM)/Kesk/ERL coalition in 2013
EST,Estonia,2003,2005,,,ResP,,,
EST,Estonia,2005,2005,,,IRL,Pro Patria and Res Publica Union,,
ETH,Ethiopia,1930,1974,,,Solomonic,,,
ETH,Ethiopia,1977,1991,,,EWP,,,
ETH,Ethiopia,1991,1993,,,EPRDF,,,
ETH,Ethiopia,1991,1993,,,TPLF,,,
FIN,Finland,1919,1944,,,ED,National Progressive Party (Kansallinen Edistyspuolue),,
FIN,Finland,1925,1981,,,ML,Agrarian Party,,
FIN,Finland,1931,1956,,,KOK,National Coalition Party,,
FIN,Finland,1956,1981,,,KESK,,,
FIN,Finland,1981,2.00E+03,,,SDP,Social Democratic Party,,
FJI,Fiji,1970,2.00E+03,,,FAP,Fijian Alliance Party,,
FJI,Fiji,1987,2006,,,FLP,Fiji Labour Party,,
FJI,Fiji,1987,1987,,,NFP,National Federation Party,,
FJI,Fiji,1992,1999,,,FPP-SVT,,,
FJI,Fiji,1992,1999,,,GVP,General Voter’s Party,,
FJI,Fiji,1999,2.00E+03,,,PANU,Party of National Unity,,
FJI,Fiji,2.00E+03,2006,,,CA,Conservative Alliance/Matanitu Vanua,,
FJI,Fiji,2.00E+03,2006,,,FUP-SDL,Fijian United Party,,
FJI,Fiji,2.00E+03,2006,,,LU,Labour Unity,,
FRA,France,1920,1940,,,ARS,,Action Republicaine et Socieale (later Action Democractique et Sociale),
FRA,France,1920,1940,,,ERD,,Eentente Republicane democratique (or the Groupe de l'Entente Républicaine),
FRA,France,1920,1940,,,GD,,Gouche Democratique,
FRA,France,1920,1934,,,GR,,Gauche Républicaine Démocratique,
FRA,France,1920,1940,,,PRS,,Republican Socialiste (Parti Républicain-Socialiste),
FRA,France,1920,1940,,,RAD,,Radical Socialiste,
FRA,France,1920,1936,,,RG,,Reopublican de Gauche,
FRA,France,1920,1940,,,UR,,Union Republicane,
FRA,France,1922,1935,,,URD,,Groupe de l'Union Républicaine Démocratique,
FRA,France,1924,1937,,,GRad,,Gauche Radicale,
FRA,France,1925,1926,,,GRep,,Gauche Républicaine,
FRA,France,1926,1929,,,AD,,Alliance démocratique,
FRA,France,1930,1932,,,DP,,Démocrate Populaire (also Parti Démocrate Populaire),
FRA,France,1930,1930,,,Rad,,Radical Socialiste,
FRA,France,1930,1974,,,UDR,,Union Democratique et radical,
FRA,France,1931,1932,,,GSR,,Gauche Sociale et radicale,
FRA,France,1932,1936,,,SF,,Section Française,
FRA,France,1933,1933,,SFIO,SEIO,,,probably a typo ini CHISOLS and SFIO meant
FRA,France,1933,1940,,,SFIO,,Section Française de l’Internationale Ouvrière,
FRA,France,1934,1936,,,CR,,Centre Republucan,
FRA,France,1934,1935,,,RIAS,,Groupe Républicain et Social (later Groupe des Républicains Indépendants d'Action Sociale),
FRA,France,1935,1936,,,FR,,Federation Republicane,
FRA,France,1936,1936,,,RAIS,,Radicaux indépendants,
FRA,France,1936,1936,,,US,,Union Sciate,
FRA,France,1937,1938,,,USR,,Union socialiste et republicane,
FRA,France,1938,1995,,,PS,,Parti Socialiste Français,
FRA,France,1938,1940,,,URS,,,
FRA,France,1944,1969,,,MRP,,Mouvement Républicain Populaire,
FRA,France,1944,1947,,,PCF,,Parti Communiste Français,
FRA,France,1944,1969,,,PSF,,Parti Socialiste Français,
FRA,France,1944,1969,,,RSP,,Parti radical-socialiste,
FRA,France,1947,1969,,,GAUL,,Gaulliste,
FRA,France,1947,1969,,,IND,,Centre National des Indépendants et Paysans,
FRA,France,1958,1969,,,UNR,,Union pour la nouvelle république [Gaulliste],
FRA,France,1969,1974,,,Ind,,Independent,
FRA,France,1974,1981,,,RI,,Fédération Nationale des Républicains Indépendants,
FRA,France,1995,2007,,,RPR,,Rassemblement Pour la République,
FRA,France,1995,2007,,,UMP,,Union pour un Mouvement Populaire,
GAB,Gabon,1960,1967,,,BDG,,Bloc Démocratique Gabonais,
GAB,Gabon,1967,1960,,,PDG,,,
GBR,United Kingdom,1922,1997,,,Con,,,
GBR,United Kingdom,1922,1945,,,Lib,,,
GBR,United Kingdom,1924,2007,,,Lab,,,
GBR,United Kingdom,1929,1935,,,NLab,,,
GBR,United Kingdom,1935,1940,,,Nlab,,,
GEO,Georgia,1992,1992,,,MM-TS,Round Table-Free Georgia,,
GEO,Georgia,1992,2003,,,SMK,Sakartvelos Mokalaketa Kavshiri,,
GEO,Georgia,2003,2008,,,BDA,Burdzhanadze-Demokratiuli Aliansi,,
GEO,Georgia,2004,2008,,,ENM,Natshhionakhuri Modraoba– Demokrathebi,,
GHA,Ghana,1966,1966,,,CPP,Convention People’s Party,,
GHA,Ghana,1969,1972,,,PP,Progress Party,,
GHA,Ghana,1979,1981,,,PNP,People's National Party,,
GHA,Ghana,1981,2001,,,NDC,,,
GHA,Ghana,2001,1960,,,NPP,New Patriotic Party,,
GIN,Guinea,1958,1984,,,PDG,Parti Démocratique de Guinée / Ahmed Sekou Touré,,
GIN,Guinea,1984,2008,,,PUP,Parti de l'Unité et du Progrès,,
GMB,Gambia,1965,1994,,,PPP,People's Progressive Party,,
GMB,Gambia,1994,1960,,,APRC,Alliance for Patriotic Reorientation and Construction,,
GNB,Guinea-Bissau,1974,2.00E+03,,,PAIGC,,,
GNB,Guinea-Bissau,2.00E+03,2003,,,PRS,,,
GNQ,Equatorial Guinea,1968,1979,,,PUNT,Worker’s National United Party,,
GNQ,Equatorial Guinea,1979,1965,,,PDGE,Partido Democratico Guinea Ecuatorial,,
GRC,Greece,1920,1936,,,KF,Liberal Party,,
GRC,Greece,1920,1935,,,LK,People’s Party,,
GRC,Greece,1924,1925,,,CR,Conservative Republican Party,,Greek Liberal Party (Conservative Republican Party of Venizelos)
GRC,Greece,1924,1932,,,DE,Republican Union,,
GRC,Greece,1926,1926,,,ERK,,,
GRC,Greece,1926,1928,,,FLP,Farmer-Labour Party,,
GRC,Greece,1926,1928,,,FOP,Free Opion Party,,
GRC,Greece,1926,1928,,,ProgLib,,,
GRC,Greece,1935,1935,,,NRP,National Radical Party,,
GRC,Greece,1944,1945,,,EK,Center Union,,"Center Union (CU, referred to as EK)"
GRC,Greece,1945,1945,,,EEK,National Unionist Party,,
GRC,Greece,1945,1950,,,LIB-Sof,Sophoulis,,
GRC,Greece,1946,1952,,,LIB,Liberal Party,,
GRC,Greece,1946,1947,,,LIB-Nat,National Liberal Party,,
GRC,Greece,1946,1947,,,LIB-Ref,Refugees’ Liberal Party,,
GRC,Greece,1946,1947,,,NPU,National Political Union,,
GRC,Greece,1946,1951,,,POP,People’s Party,,
GRC,Greece,1947,1950,,,LIB-Ven,Venizelian Liberals,,
GRC,Greece,1947,1951,,,NP,National Party,,
GRC,Greece,1947,1950,,,NU,,,
GRC,Greece,1947,1951,,,SocDem,Social Democrats,,
GRC,Greece,1950,1952,,,EPEK,National Progressive Center Union,,
GRC,Greece,1950,1950,,,NUP,,,
GRC,Greece,1952,1958,,,GRAL,Hellenic Union,,
GRC,Greece,1955,1980,,,ERE,National Radical Union,,
GRC,Greece,1955,1955,,,LKK,People’s Social Party,,
GRC,Greece,1963,1965,,,CU,Center Union,,
GRC,Greece,1965,1966,,,Diss-CU,,,
GRC,Greece,1965,1966,,,PP,Progressive Party,,
GRC,Greece,1974,1993,,,ND,,,
GRC,Greece,1981,2004,,,PASOK,Panhellenic Socialist Movement,,
GRC,Greece,1989,1990,,,SYN,,,
GTM,Guatemala,1920,1944,,,Lib,,,
GTM,Guatemala,1945,1954,,,PAR,,,
GTM,Guatemala,1957,2.00E+03,,,PAN,,,
GTM,Guatemala,1958,1963,,,PRDN,,,
GTM,Guatemala,1986,1991,,,PDCG,,,
GTM,Guatemala,1991,1993,,,MAS,Espina Salguero,,
GTM,Guatemala,2.00E+03,2004,,,FRG,,,
GTM,Guatemala,2004,2008,,,GANA,,,
GTM,Guatemala,2008,2008,,,UNE,,,
GUY,Guyana,1966,1992,,,PNC-R,"People’s National Conference, Reform branch",,
GUY,Guyana,1966,1985,,,UF,United Force,,
GUY,Guyana,1992,1999,,,PPP-C,"People Progressive Party, Civic branch",,
HND,Honduras,1919,2006,,,PLH,Honduran Liberal Party,,
HND,Honduras,1919,2006,,,PNH,Liberal Party,,
HRV,Croatia,1999,2.00E+03,,,HDZ,Croatian Democratic Community’s,,
HRV,Croatia,2.00E+03,2.00E+03,,,HSS,,,
HTI,Haiti,1957,1957,,,MOP,,,
HTI,Haiti,1957,1971,,,PUN,,,
HTI,Haiti,1988,1988,,,RDNP,,,
HTI,Haiti,1991,1996,,,FNCD,,,
HTI,Haiti,1994,2001,,,OPL,,,
HTI,Haiti,2001,2004,,,FL,,,
HTI,Haiti,2006,1924,,,FLP,,,
HUN,Hungary,1919,1919,,,F48,,,
HUN,Hungary,1919,1920,,,KNEP,Christian National Union Party,,
HUN,Hungary,1919,2004,,,MSzP,,,
HUN,Hungary,1919,1919,,,SzDP,,,
HUN,Hungary,1920,1945,,,NEP,,,
HUN,Hungary,1945,1956,,,MDP,,,
HUN,Hungary,1945,1956,,,MKP,,,
HUN,Hungary,1956,1989,,,MSzMP,,,
HUN,Hungary,1989,1990,,,MSZP,,,
HUN,Hungary,1990,1994,,,FKPG,,,
HUN,Hungary,1990,1994,,,KDNP,,,
HUN,Hungary,1990,2002,,,MDF,Hungarian Democratic Forum,,
HUN,Hungary,1994,2004,,,SZDSZ,,,
HUN,Hungary,1998,2002,,,Fidesz,,,
HUN,Hungary,1998,2002,,,FKGP,,,
IDN,Indonesia,1949,1966,,,PNI,,,
IDN,Indonesia,1966,1999,,,Golkar,,,
IDN,Indonesia,1999,2001,,,PKB,National Awakening Party,,
IDN,Indonesia,2001,2004,,,PDI-P,,,
IDN,Indonesia,2004,2004,,,PD,Partai Demokrat,,
IND,India,1947,1964,,,Christians,,,
IND,India,1947,1977,,,INC,Indian National Congress,,
IND,India,1947,1964,,,Mhas,,,
IND,India,1947,1964,,,Parsee,,,
IND,India,1947,1964,,,Sikh,,,
IND,India,1977,1979,,,JP,,,
IND,India,1979,1980,,,INC-O,,,
IND,India,1979,1980,,,JP-S,,,
IND,India,1980,1996,,,INC-I,,,
IND,India,1989,2004,,,BJP,,,
IND,India,1989,1990,,,LF,,,
IND,India,1989,1990,,,NF-JD,National Front-Janata Dal,,
IND,India,1990,1991,,,JD-S,Janata Dal-Shekhar,,
IND,India,1996,1997,,,UF-JD,United Front-Janata Dal,,
IND,India,1997,1998,,,UF-DMK,,,
IND,India,1998,2004,,,BJP-NDA,,,
IND,India,2004,2004,,,INC-UPA,,,
IRL,Ireland,1932,1932,,,CG,pro-Treatyite Cumann na nGaedheal,,
IRL,Ireland,1932,2008,,,FF,anti-Treatyite Fianna Fáil,,
IRL,Ireland,1948,1951,,,CNP,Clann na Poblachta,,
IRL,Ireland,1948,1957,,,CNT,Clann na Talmhan,,
IRL,Ireland,1948,1997,,,FG,Fine Gael,,
IRL,Ireland,1948,1997,,,LAB,The National Labor Party,,
IRL,Ireland,1987,2008,,,PD,Progressive Democrats,,
IRL,Ireland,1994,1997,,,DL,Democratic Left,,
IRL,Ireland,1997,2008,,,GP,Green Party ,,
IRN,Iran,1921,1979,,,Pahlavi,,,
IRN,Iran,1921,1921,,,Qajar,,,
IRN,Iran,1951,1953,,,NF,,,
IRN,Iran,2005,2005,,,AII,,,
IRQ,Iraq,1932,1958,,,Hashimid,,,
IRQ,Iraq,1963,1968,,,IIA,,,
IRQ,Iraq,1968,2003,,,Ba'ath,,,
IRQ,Iraq,2003,2004,,,States,,,
IRQ,Iraq,2003,2004,,,United,,,
IRQ,Iraq,2004,2005,,,INA,Iraqi National Accord,,
IRQ,Iraq,2005,2006,,,IDM,Islamic Da’wah Party,,
ISR,Israel,1948,1955,,,GZ,General Zionists,,
ISR,Israel,1948,1955,,,HMIZ,Mizrachi HaMizrahi,,
ISR,Israel,1948,1955,,,MIZR,,,
ISR,Israel,1948,1969,,,MPAI,,,
ISR,Israel,1948,1963,,,PROG,,,
ISR,Israel,1948,1953,,,SEPH,,,
ISR,Israel,1948,1953,,,URF,United Religious Front,,
ISR,Israel,1955,1969,,,AA,Ahdut HaAvoda,,
ISR,Israel,1955,1974,,,MPAM,,,
ISR,Israel,1955,2006,,,NRP,National Religious Party,,
ISR,Israel,1963,1974,,,HRUT,Herut,,
ISR,Israel,1963,1977,,,ILIB,Independent Liberal Party,,
ISR,Israel,1963,1974,,,MPAI-ALNM,AA into Alignment,,
ISR,Israel,1963,1974,,,RAFI,,,
ISR,Israel,1969,1974,,,GHAL,,,
ISR,Israel,1969,1977,,MPAI,MPAI-LAB,,,
ISR,Israel,1974,1977,,,CRIT,Movement for Civil Rights and Peace,,
ISR,Israel,1977,1983,,,DASH,,,
ISR,Israel,1977,2006,,,LIK,,,
ISR,Israel,1977,1984,,,TAMI,,,
ISR,Israel,1983,1992,,,THYA,,,
ISR,Israel,1984,1996,,,LAB,Israel Labor Party,,
ISR,Israel,1984,1992,,,MSHA,Morasha,,
ISR,Israel,1984,1992,,,OMET,Ometz,,
ISR,Israel,1984,2001,,,SHAS,,,
ISR,Israel,1984,2006,,,SNUI,Shinui,,
ISR,Israel,1986,1992,,,AIS,Agudat Israel,,
ISR,Israel,1986,1992,,,TZOM,,,
ISR,Israel,1992,1996,,,HDASH,,,
ISR,Israel,1992,2001,,,MRET,,,
ISR,Israel,1995,1996,,,YIUD,,,
ISR,Israel,1996,1999,,,TW,,,
ISR,Israel,1996,2006,,,UTJ,Yahadut Ha’Thorah,,
ISR,Israel,1996,2006,,,YB,Yisrael BaAliyah,,
ISR,Israel,1999,2006,,,CP,Center Party,,
ISR,Israel,1999,2001,,,LAB-Gesher-Meimad,,,
ISR,Israel,1999,2006,,,LAB-Meimad,,,
ISR,Israel,2001,2006,,,AY,Agudat Yisrael,,
ISR,Israel,2001,2006,,,DH,Yahadut Ha’Thorah - Degel Ha’Thora,,
ISR,Israel,2001,2006,,,Gesher,,,
ISR,Israel,2001,2006,,,IL,Yisrael Beitenu,,
ISR,Israel,2001,2006,,,KAD,Kadima,,
ISR,Israel,2001,2006,,,LAB-MEIM,,,
ISR,Israel,2001,2006,,,One,,,
ISR,Israel,2001,2006,,,Shas,,,
ISR,Israel,2006,1927,,,GIL,,,
ITA,Italy,1919,1919,,,Des.,DestraRight,Destra,
ITA,Italy,1919,1920,,,Rad,Radical Party,,
ITA,Italy,1920,1922,,,PL,Liberal Party,,
ITA,Italy,1921,1922,,,PSRI,Italian Social Reform Party,,
ITA,Italy,1922,1943,,,PNF,,,
ITA,Italy,1945,1953,,,AP,Action Party,,
ITA,Italy,1945,1994,,,DC,"Action Party, the Christian Democratic Party",,
ITA,Italy,1945,1953,,,NDU,National Democratic Union,,
ITA,Italy,1945,1953,,,PCI,Communist Party,,
ITA,Italy,1945,1953,,,PDL,Democratic Labour,,
ITA,Italy,1945,1994,,,PLI,Liberal Party,,
ITA,Italy,1945,2006,,,PRI,DC/PCI/PSI/PLI/Republican Party,,
ITA,Italy,1945,1993,,,PSDI,,,
ITA,Italy,1945,2006,,,PSI,Socialist Party,,
ITA,Italy,1945,1953,,,PSIU,,,
ITA,Italy,1968,1972,,,PSI+PSU,,,
ITA,Italy,1993,1994,,,LVERDE,Lega Verde,,
ITA,Italy,1993,1998,,,PDS,Democratic Left,,
ITA,Italy,1994,2008,,,AN,,,
ITA,Italy,1994,2008,,,FI,Forza Italia,,
ITA,Italy,1994,2008,,,LN,,,
ITA,Italy,1996,2008,,,Greens,,,
ITA,Italy,1996,2001,,,PPI,,,
ITA,Italy,1996,2001,,,RI,Italian Renewal,,
ITA,Italy,1996,1998,,,UD,Democratic Union,,
ITA,Italy,1998,2001,,,DEM,Democrats,,
ITA,Italy,1998,2008,,,DS,,,
ITA,Italy,1998,2008,,,IND,,,
ITA,Italy,1998,2.00E+03,,,PDCI,Italian Communists,,
ITA,Italy,1998,2.00E+03,,,PDS-DS,,,
ITA,Italy,1998,2001,,,SDI,"RI, Italian Democratic Socialists",,
ITA,Italy,1998,2008,,,UDEUR,,,
ITA,Italy,1998,2.00E+03,,,UDR,"PPI, Union of Republican Democrats",,
ITA,Italy,2.00E+03,2001,,,PCDI,,,
ITA,Italy,2001,2006,,,CCD-CDU,,,
ITA,Italy,2001,2006,,,UDC,,,
ITA,Italy,2006,2008,,,Daisy,,,
ITA,Italy,2006,2008,,,IdV,,,
ITA,Italy,2006,2008,,,OT,,,
ITA,Italy,2006,2008,,,RC,Communist Refoundation,,
ITA,Italy,2006,2008,,,Rose,,,
ITA,Italy,2008,2008,,,DCpA,Democracy for the Autonomies,,
JAM,Jamaica,1962,1989,,,JLP,Jamaican Labor Party,,
JAM,Jamaica,1972,2007,,,PNP,People´s National Party,,
JOR,Jordan,1951,1999,,,Hashemite,,,
JPN,Japan,1921,1932,,,FC,,,
JPN,Japan,1924,1927,,,Con,,,
JPN,Japan,1929,1931,,,CD,,,
JPN,Japan,1940,1941,,,IRAA,,,
JPN,Japan,1952,2.00E+03,,,LP,Liberal Party,,
JPN,Japan,1954,1956,,,DP,Democratic Party,,
JPN,Japan,1954,1956,,,JD,,,
JPN,Japan,1954,2008,,,LDP,,,
JPN,Japan,1982,1987,,,NLC,,,
JPN,Japan,1993,1994,,,DSP,,,
JPN,Japan,1993,1994,,,JNP,Japan New Party,,
JPN,Japan,1993,1994,,,KOME,,,
JPN,Japan,1993,1998,,,SAKI,Sakigaki,,
JPN,Japan,1993,1994,,,SDP,,,
JPN,Japan,1993,1994,,,SHAM,,,
JPN,Japan,1993,1994,,,SHIN,,,
JPN,Japan,1994,1994,,,KAIS,Renewal Party,,
JPN,Japan,1994,1998,,,SDPJ,,,
JPN,Japan,1998,2006,,,Komeito,,,
JPN,Japan,2.00E+03,2006,,,NCP,,,
JPN,Japan,2001,2008,,,Komei,,,
KAZ,Kazakhstan,,,,OTAN,Nur-Otan,,,
KAZ,Kazakhstan,,,,,OTAN,“Fatherland” Party,,"""In 2006 OTAN was renamed Nur-Otan"""
KAZ,Kazakhstan,,,,,PUKU,People’s Union of Kazakhstan Unity,,
KEN,Kenya,1963,2002,,,KANU,Kenya African National Union,,
KEN,Kenya,2002,2002,,,DP,Democratic Party,,
KEN,Kenya,2002,2002,,,NRC,National Rainbow Coalition,,
KEN,Kenya,2007,2007,,,PNU,Party of National Unity,,
KGZ,Kyrgyzstan,2005,2005,,,AZ,,,
KGZ,Kyrgyzstan,2005,2005,,,KEK,People’s Movement of Kyrgyzstan,,
KHM,Cambodia,1953,1970,,,FUNK,,,
KHM,Cambodia,1975,1979,,,KCP,,,
KHM,Cambodia,1979,1993,,,PRPK,,,
KHM,Cambodia,1985,1997,,,KPK,Cambodian People’s Party,,
KOR,South Korea,1960,1961,,,DP,Democratic Party,,
KOR,South Korea,1960,1960,,,LP,,,
KOR,South Korea,1988,1993,,,DJP,,,
KOR,South Korea,1988,1998,,,MDD,,,
KOR,South Korea,1993,1998,,,SHD,New Korea Party,Sin Han-gukdang,source: Worldstatesmen.org
KOR,South Korea,1998,2003,,,SJKH,National Congress for New Politics,,
KOR,South Korea,1998,2008,,,SMD,,,
KOR,South Korea,2003,2008,,,UD,Uri Party,,
KOR,South Korea,2008,2008,,,HD,,,
KWT,Kuwait,1965,2006,,,Al-Sabah,,,
KWT,Kuwait,1990,1991,,,Iraq,,,
LAO,Laos,1954,1958,,,NPP,National Progressive Party,,
LAO,Laos,1956,1958,,,LPF,Lao Patriotic Front,,
LAO,Laos,1958,1959,,,RLP,Lao People's Rally,,
LAO,Laos,1959,1960,,,CDNI,Committee for the Defence of National Interests,,
LAO,Laos,1960,1975,,,NLPK,,,
LAO,Laos,1975,2006,,,PPPL,,,
LBN,Lebanon,1952,1952,,,DP,Destour Party / Constitutional Bloc,al-Kutla al-Dusturiyya,
LBN,Lebanon,1952,1958,,,SNF,Constitutional Bloc,,
LBN,Lebanon,1964,1988,,,KPL,Lebanese Phalanges Party,,
LBN,Lebanon,1970,1976,,,LF,Lebanese Front,,
LBN,Lebanon,2007,2008,,,FM,,,
LBR,Liberia,1930,1980,,,TWP,True Whig Party,,
LBR,Liberia,1980,1997,,,NDP,“Mil” to National Democratic Party of Liberia,,
LBR,Liberia,1990,1994,,,LPP,Liberian People's Party,,
LBR,Liberia,1997,2003,,,NPP,National Patriotic Party,,
LBR,Liberia,2003,2006,,,LAP,Liberian Action Party,,
LBR,Liberia,2006,1961,,,UP,United Party,,
LBY,Libya,1951,1969,,,Senussi,,,
LKA,Sri Lanka,1948,1994,,,UNP,United National Party,,
LKA,Sri Lanka,1952,1956,,,TC,Tamil Congress,,
LKA,Sri Lanka,1956,1959,,,MEP-SLFP,,,
LKA,Sri Lanka,1956,1977,,,SLFP,Sri Lanka Freedom Socialist Party,,
LKA,Sri Lanka,1960,1977,,,LSSP,Lanka Sama Samaja Party,,
LKA,Sri Lanka,1965,1970,,,FP,,,
LKA,Sri Lanka,1965,1970,,,MEP,,,
LKA,Sri Lanka,1965,1970,,,SLFSP,,,
LKA,Sri Lanka,1970,1977,,,CP,,,
LKA,Sri Lanka,1994,2005,,,SLFP-PA,,,
LKA,Sri Lanka,2005,2005,,,SLFP-UPFA,,,
LSO,Lesotho,1966,1986,,,BNP,Basotho National Party,,
LSO,Lesotho,1993,1998,,,BCP,Basotho Congress Party,,
LSO,Lesotho,1994,1994,,,Koena,,,
LSO,Lesotho,1994,1998,,,LCD,,,
LTU,Lithuania,1920,1926,,,LKDP,Christian Democrats,,
LTU,Lithuania,1920,1992,,,Sajudis,,,
LTU,Lithuania,1926,1926,,,LTS,Lithuanian Nationalist Union,,
LTU,Lithuania,1926,1926,,,LVLS,,,
LTU,Lithuania,1992,1998,,,LDDP,Democratic Labor Party of Lithuania,,
LTU,Lithuania,2003,2004,,,LLP,Lithuanian Liberal-Democratic Party,,
LTU,Lithuania,2004,2004,,,NS,,,
LVA,Latvia,1919,1993,,,LTF,Latvian People’s Front,,
LVA,Latvia,1919,1919,,,LZP,Latvian Green Party,,
LVA,Latvia,1919,1998,,,LZS,Ulmanis,,
LVA,Latvia,1924,1928,,,DC,Democratic Center Party,,
LVA,Latvia,1926,1928,,,ALSMSP-LS,United Latvian Social-Democratic Menshevik Workers’ Party,,
LVA,Latvia,1931,1933,,,PA,Progressive Union,,
LVA,Latvia,1933,1934,,,JSP,New Farmers and Small Landowners’ Party,,
LVA,Latvia,1993,2002,,,LC,Union Latvia’s Way,,
LVA,Latvia,1994,1995,,,TPA,Political Union of Economists,,
LVA,Latvia,1995,1998,,,DPS,Democratic Party Saimnieks,,
LVA,Latvia,1995,1997,,,LNNK-ZP,,,
LVA,Latvia,1995,1997,,,LV,,,
LVA,Latvia,1995,1997,,,LZS-LKDS-LLDP,,,
LVA,Latvia,1995,1997,,,TB,Fatherland and Freedom,,
LVA,Latvia,1997,1998,,,LKDS,,,
LVA,Latvia,1997,2007,,,TB-LNNK,,,
LVA,Latvia,1998,1999,,,JP,New Party,,
LVA,Latvia,1998,1999,,,SD,Social Democrats,,
LVA,Latvia,1999,2007,,,TP,People’s Party,,
LVA,Latvia,2.00E+03,2007,,,JL,New Party,,
LVA,Latvia,2002,2004,,,LLP,,,
LVA,Latvia,2002,2007,,,ZZS,Union of Greens and Farmers,,
LVA,Latvia,2004,2007,,,LP,,,
LVA,Latvia,2004,2007,,,LPP,Latvia First Party,,
LVA,Latvia,2004,2007,,,LPP-LC,,,
MAR,Morocco,1956,1999,,,Alaoui,,,
MDA,Moldova,1997,1997,,,ADP,Agrarian Democratic Party,,
MDA,Moldova,1997,1997,,,PRH,Party of Revival and Harmony,,
MDA,Moldova,2001,2008,,,PCRM,,,
MDG,Madagascar,1960,1972,,,PSD,Parti Social Démocratique du Madagascar,,
MDG,Madagascar,1975,2002,,,AREMA,,,
MDG,Madagascar,1975,1993,,,FNDR,,,
MDG,Madagascar,1993,1996,,,UNDD,Démocratie,,
MDG,Madagascar,1996,1997,,,AVI,Asa Vita no Ifampitsarana,,
MDG,Madagascar,2002,2002,,,TIM,Tiako i Madagasikara,,
MEX,Mexico,1920,1920,,,L-Mod,Liberal Moderate,,
MEX,Mexico,1920,1924,,,PLC,,,
MEX,Mexico,1920,1920,,,PNA,,,
MEX,Mexico,1924,1940,,,PNR,National Revolutionary Party,,
MEX,Mexico,1934,1946,,,PRM,Party of the Mexican Revolution,,
MEX,Mexico,1946,2.00E+03,,,PRI,Institutional Revolutionary Party,,
MEX,Mexico,2.00E+03,2006,,,PAN,,,
MKD,Macedonia,1998,2002,,,DA,Democratic Alternative,,
MKD,Macedonia,1998,2006,,,DPA,Democratic Party of Albanians,,
MKD,Macedonia,1998,2002,,,LDP,The Liberal Party,,
MKD,Macedonia,1998,1998,,,LP,,,
MKD,Macedonia,1998,2002,,,PDP,Party for Democratic Prosperity,,
MKD,Macedonia,1998,2002,,,SDSM,Social Democratic Party of Macedonia,,
MKD,Macedonia,1998,1998,,,SPM,,,
MKD,Macedonia,1998,2002,,,VMRO,,,
MKD,Macedonia,2002,2006,,,ZMZ,Together for Macedonia,,
MKD,Macedonia,2006,2006,,,NSDP,,,
MKD,Macedonia,2006,2006,,,VMRO-DPMNE,Democratic Party for Macedonia,,
MLI,Mali,1960,1968,,,US-RDA,Union Soudanais/Rassemblement Démocratique Africain,,
MLI,Mali,1968,1991,,,UDPM,,,
MLI,Mali,1992,2002,,,ADM,,,
MLI,Mali,2002,1960,,,CCD,Coalition for Change and Democracy,,
MMR,Myanmar,1948,1958,,,AFPFL,Anti-Fascist People’s Freedom League,,
MMR,Myanmar,1960,1962,,,UnP,,,
MMR,Myanmar,1962,1988,,,PSPB,,,
MNE,Montenegro,2006,2008,,,DPSC,Democratic Party of Socialists of Montenegro,,
MNE,Montenegro,2006,2006,,DPSC,PSC,Democratic Party of Socialists of Montenegro,,
MNE,Montenegro,2006,2008,,,SDP,Social Democratic Party,,
MNG,Mongolia,1921,2005,,,MAKN,,,
MNG,Mongolia,1990,1997,,,MUAN,,,
MOZ,Mozambique,1975,2005,,,FRELIMO,Frente da Libertação de Moçambique,,
MRT,Mauritania,1960,1978,,,PPM,,,
MRT,Mauritania,1960,1978,,,PRM,Parti Rassemblement Mauritian,,
MRT,Mauritania,1984,2005,,,PRDS,Parti Républicain Démocratique et Social,,
MUS,Mauritius,1968,1995,,,PMSD,,,
MUS,Mauritius,1968,2.00E+03,,,PTr,,,
MUS,Mauritius,1982,2005,,,MMM,Mouvement Militant Mauricien,,
MUS,Mauritius,1982,2005,,,MSM,Mouvement Socialiste Militant,,
MUS,Mauritius,1982,1995,,,MTD,Mouvement des Travaillistes Democrates,,
MUS,Mauritius,1982,2.00E+03,,,OPR,Rodriguan People’s Organisation,,
MUS,Mauritius,1982,1995,,,PMDS,,,
MUS,Mauritius,1982,1995,,,PSM,Parti Socialiste Mauricien,,
MUS,Mauritius,1982,1995,,,PTR,Mauritian Labour Party,,
MUS,Mauritius,1982,1995,,,RMM,Mauritanian Millitant Renaisance,,
MUS,Mauritius,1982,1995,,,RTM,Mauritanian Labour Rally,,
MUS,Mauritius,1995,2.00E+03,,,PMXD,Parti Mauricien Xavier Duval,,
MUS,Mauritius,2005,1956,,,MMSM,Mouvement Militant Socialiste Mauricien,,
MUS,Mauritius,2005,1956,,,MR,,,
MUS,Mauritius,2005,1956,,,Verts,"Mouvement Republicain, and Les Verts",,
MWI,Malawi,1964,1994,,,MCP,Malawi Congress Party,,
MWI,Malawi,1994,2004,,,UDF,United Democratic Front,,
MWI,Malawi,2004,2004,,,DPP,Democratic Progressive Party,,
MYS,Malaysia,1957,2003,,,UMNO,United Malays National Organisation,,
NAM,Namibia,1990,2005,,,SWAPO,South West African People's Organization,,
NER,Niger,1960,1974,,,PPN,Parti Progressista Nigeriano,,
NER,Niger,1987,1993,,,MNSD,,,
NER,Niger,1993,1996,,,CDS,,,
NGA,Nigeria,1960,1966,,,NCNC,Cameroons,,
NGA,Nigeria,1960,1966,,,NNDP,,,
NGA,Nigeria,1960,1966,,,NPC,Northern People's Congress,,
NGA,Nigeria,1979,1983,,,NPN,National Party of Nigeria,,
NGA,Nigeria,1999,2007,,,PDP,People's Democratic Party,,
NIC,Nicaragua,1921,1929,,,PC,Conservative Party,,
NIC,Nicaragua,1921,1923,,,PN,National Party,,
NIC,Nicaragua,1929,1936,,,PL,Liberal Party,,
NIC,Nicaragua,1936,1979,,,PLN,Liberal Nationalist Party,,
NIC,Nicaragua,1979,1990,,,FSLN,,Frente Sandinista de Liberación Nacional,
NIC,Nicaragua,1990,1997,,,UNO,,Unión Nacional Opositora,
NIC,Nicaragua,1997,2007,,,PLC,,,
NIC,Nicaragua,2002,2007,,,APRE,,,
NLD,Netherlands,1925,1926,,,AB,Algemeene Bond van RK-kiesvereenigingen,,
NLD,Netherlands,1925,1977,,,ARP,Protestant Christian democrat “Anti-Revolutionary Party”,,
NLD,Netherlands,1925,2002,,,CHU,Dutch Reformed Christian democrat “Christian Historic Union”,,
NLD,Netherlands,1926,1945,,,RKSP,,,
NLD,Netherlands,1933,1939,,,VB,Liberal Union,Vrijheidsbond,
NLD,Netherlands,1933,1946,,,VDB,Democratic Union,Vrijzinnig Democratische Bond,
NLD,Netherlands,1939,1945,,,SDAP,Social Democratic Labor Party,,
NLD,Netherlands,1945,1977,,,KVP,Catholic People’s Party,,
NLD,Netherlands,1945,2002,,,PvdA,,,
NLD,Netherlands,1948,2002,,,VVD,People’s Party for Freedom and Democracy,,
NLD,Netherlands,1971,1973,,,DS70,,,
NLD,Netherlands,1973,2002,,,D66,,,
NLD,Netherlands,1973,1977,,,PPR,Political Party of Radicals,,
NLD,Netherlands,1977,2002,,,CDA,Christian-Democratic Appeal,,
NLD,Netherlands,2002,2002,,,D'66,,,
NLD,Netherlands,2002,2002,,,LPF,Pim Fortuyn List,,
NOR,Norway,1920,1928,,,FV,Liberal Left,Frisinnede Venstre,
NOR,Norway,1920,1928,,,H,Conservative,Høyre,
NOR,Norway,1920,1935,,,V,Liberal Party,Venstre,
NOR,Norway,1928,1940,,,DNA,Labour Party,Norske Arbeiderparti,
NOR,Norway,1931,1933,,,Bp,,,
NOR,Norway,1940,1945,,,NS,National Unity,,
NOR,Norway,1945,2005,,,AP,Norwegian Labor Party,,
NOR,Norway,1963,2005,,,CON,,,
NOR,Norway,1963,2005,,,CP,Centre Party,,
NOR,Norway,1963,2005,,,CPP,Christian People’s Party,,
NOR,Norway,1963,2005,,,LIB,Liberal Party,,
NOR,Norway,2005,2005,,,SV,Socialist Left,,
NPL,Nepal,1929,1951,,,Rana,,,
NPL,Nepal,1951,2006,,,Shah,,,
NPL,Nepal,1990,2008,,,NCP,Nepali Congress Party,,
NPL,Nepal,1994,1995,,,CPN-UML,Communist Party of Nepal-United Marxist Leninist,,
NPL,Nepal,1995,1999,,,NSP,Nepali Sadbhavana Party,,
NPL,Nepal,1995,1998,,,RPP,Rashtriya Prajatantra Party,,
NPL,Nepal,1997,1997,,,NWPP,Nepal Workers’ and Peasants’ Party,,
NPL,Nepal,1997,1999,,,UML,,,
NPL,Nepal,1998,1999,,,ML,"Communist Party of Nepal, Marxist-Leninist",,
NPL,Nepal,2008,2008,,,CPN-M,Communist Party of NepalMaoist,,
NZL,New Zealand,1925,1935,,,Ref,,,
NZL,New Zealand,1928,1935,,,Uni,,,
NZL,New Zealand,1935,2008,,,Lab,,,
NZL,New Zealand,1949,1999,,,NP,National Party,,
NZL,New Zealand,1990,1999,,,NZF,New Zealand First,,
NZL,New Zealand,1990,1997,,,UP,,,
NZL,New Zealand,1999,2008,,,All,,,
NZL,New Zealand,1999,2008,,,PP,,,
NZL,New Zealand,2008,1978,,,Nat,,,
OMN,Oman,,,,,Al-Sa'id,,,
PAK,Pakistan,1947,1957,,,ML,Muslim League,,
PAK,Pakistan,1955,1956,,,UF,United Front,,
PAK,Pakistan,1956,1957,,,AL,East Pakistani (Bangladeshi) Awami League,,
PAK,Pakistan,1956,1958,,,RP,Republican Party,,
PAK,Pakistan,1957,1958,,,Diss-krisScram,,,
PAK,Pakistan,1957,1957,,,KrisSram,,,
PAK,Pakistan,1957,1957,,,N-i-Islam,,,
PAK,Pakistan,1971,2008,,,PPP,Pakistan People’s Party,,
PAK,Pakistan,1988,1990,,,MQM,Muttahida Quami Movement,,
PAK,Pakistan,1990,1990,,,IJI,Islami Jamhooria Ittehad,,
PAK,Pakistan,1990,1999,,,PML-N,,,
PAK,Pakistan,1993,1996,,,ANP,Awami National Party,,
PAK,Pakistan,1993,1996,,,PML-J,Pakistan Muslim League Junejo,,
PAK,Pakistan,2008,2008,,,PML-Q,Pakistani Muslim League-Quaid-e-Azam,,
PAN,Panama,1920,1949,,,PL,Liberal Party,,
PAN,Panama,1931,1931,,,AC,Acción Comunal,,
PAN,Panama,1932,1936,,,PLD,,,
PAN,Panama,1936,1941,,,PNR,National Revolutionary Party,,
PAN,Panama,1949,1968,,,PLN,Roberto Chiari,,
PAN,Panama,1949,1952,,,PRA,and Arias A,,
PAN,Panama,1952,1960,,,CNP,Guardia,,
PAN,Panama,1968,1968,,,PP,,,
PAN,Panama,1968,2004,,,PRD,,,
PAN,Panama,1990,2004,,,PA,Arnulfista Party,,
PAN,Panama,1990,1994,,,PPA,,,
PER,Peru,1919,1919,,,PC,Civilista Party,,
PER,Peru,1919,1930,,,PDR,Democratic Reformist Party,,
PER,Peru,1931,1933,,,UR,Revolutionary Union,,
PER,Peru,1939,1945,,,CC,Conservative Coalition,,
PER,Peru,1945,1948,,,FDN,,,
PER,Peru,1950,1956,,,PR,,Partido Restaurador del Perú,PRP in CHISOLS narrative (Rice) 
PER,Peru,1956,1962,,,MDP,Pradista Democratic Movement/Peruvian Democratic Movement,,
PER,Peru,1963,2001,,,AP,,,
PER,Peru,1985,2006,,,APRA,,,
PER,Peru,1990,2.00E+03,,,NM-C'90,,,
PER,Peru,2001,2006,,,PP,,,
PHL,Philippines,1946,1965,,,PL,Liberal Party,,
PHL,Philippines,1953,1986,,,PN,Nationalist Party,,
PHL,Philippines,1965,1986,,,KBL,,,
PHL,Philippines,1986,1992,,,UNIDO,,,
PHL,Philippines,1992,1998,,,LEN-NUCD,,,
PHL,Philippines,1998,2001,,,LMP,,,
PHL,Philippines,2001,1949,,,LEN-UCD-UMDP,,,
PNG,Papua New Guinea,1975,1992,,,PGU,Pangu or Papua New Guinea Union Party,,
PNG,Papua New Guinea,1980,1997,,,PPP,People’s Progress Party,,
PNG,Papua New Guinea,1985,2002,,,PDM,People’s Democratic Movement,,
PNG,Papua New Guinea,1997,1999,,,PNC,People’s National Congress,,
PNG,Papua New Guinea,2002,2002,,,NAP,National Alliance Party,,
POL,Poland,1956,1956,,,PPR,Polish Workers’ Party,,
POL,Poland,1956,1990,,,PZPR,Polish United Workers’ Party,,
POL,Poland,1990,1995,,,Soldr,,,
POL,Poland,1995,2005,,,SdRP,Democratic Left Alliance,,
POL,Poland,1995,2005,,,SLD,Alliance of Democratic Left,,
POL,Poland,2005,2005,,,PiS,,,
PRK,North Korea,1948,1994,,,CND,,,
PRT,Portugal,1919,1923,,,PRE,Republican Evolutionist Party,,
PRT,Portugal,1923,1926,,,PD,Democratic Party,,
PRT,Portugal,1926,1974,,,UN,União Republicana,,
PRT,Portugal,1974,1976,,,MFA,Movimento das Forgas Armadas,,
PRT,Portugal,1976,1986,,,PRD,Party of Democratic Renovation,,
PRT,Portugal,1986,2006,,,PS,Socialist Party,,
PRT,Portugal,2006,2006,,,PSD,Social Democrat Party,,
PRY,Paraguay,1919,1940,,,PL,Liberal Party,,
PRY,Paraguay,1936,1937,,,PRF,February Republican Party,,
PRY,Paraguay,1948,2008,,,ANR-PC,,,
PRY,Paraguay,2008,2008,,,APC,Patriotic Alliance for Change,Alianza Patriótica por el Cambio,names added and not in CHISOLS
PRY,Paraguay,2008,2008,,,PDC,,,
QAT,Qatar,1971,1995,,,Al-Thani,,,
ROU,Romania,1927,1940,,,Hohenzollern-Sigmaringen,,,
ROU,Romania,1927,1940,,,House,,,
ROU,Romania,1927,1940,,,of,,,
ROU,Romania,1947,1989,,,PCR,,,
ROU,Romania,1989,1992,,,FSN,National Front Salvation,,
ROU,Romania,1991,1992,,,ADP,Agrarian Democratic Party,,1991 Stolojan cabinet membership
ROU,Romania,1991,1992,,,NLP,,,
ROU,Romania,1991,1992,,,REM,,,
ROU,Romania,1992,1996,,,FSND,Iliuescu’s Democratic National Salvation Front,,
ROU,Romania,1992,1996,,,PUNR,,,
ROU,Romania,1992,1996,,,SDPR,,,
ROU,Romania,1996,2.00E+03,,,CDR,Democratic Convention of Romania,,
ROU,Romania,1996,2.00E+03,,,UDMR,,,
ROU,Romania,1996,2.00E+03,,,USD,Social Democratic Union (PSDR+PD),,"CHISOLS: ""USD was a coalition of the PSDR and the PD."""
ROU,Romania,2.00E+03,2004,,,PDSR,Party of Social Democracy for Romania,,
ROU,Romania,2.00E+03,2007,,,PSD,,,
ROU,Romania,2004,2007,,,PD,,,
RUS,Russia,1923,1953,,CPSU,AUCP,All-Union Communist Party of Bolsheviks,,"CHISOLS: ""CPSU was formally known as the All-Union Communist Party of Bolsheviks (AUCP)"""
RUS,Russia,1923,1991,,,CPSU,Soviet Union,,
RUS,Russia,1923,1953,,CPSU,RCP,Russian Communist Party of Bolsheviks,,
RWA,Rwanda,1973,1973,,,MDR-PARMEH,Mouvement Démocratique Républicain-Parti du Mouvement de l'Emacipation Hutu,,
RWA,Rwanda,1973,1994,,,MRND,Sindikubwabo,,
RWA,Rwanda,1994,1960,,,FPR,,,
RWA,Rwanda,1994,1994,,,MRNDD,,,
SAU,Saudi Arabia,1927,1996,,,Saudi,,,
SDN,Sudan,1956,1969,,,NUP,National Unionist Party,,
SDN,Sudan,1956,1969,,,PDP,People’s Democratic Party,,
SDN,Sudan,1956,1989,,,Umma,,,
SDN,Sudan,1964,1965,,,UNF,United National Front,,
SDN,Sudan,1967,1989,,,DUP,Democratic Unionist Party,,
SDN,Sudan,1969,1985,,,SSU,,,
SDN,Sudan,1986,1989,,,NIF,National Islamic Front,,
SDN,Sudan,1986,1989,,,Southern,,,
SDN,Sudan,1986,1989,,,trade,,,
SDN,Sudan,1986,1989,,,unions,,,
SDN,Sudan,1989,1989,,,SNC,,,
SEN,Senegal,1960,2.00E+03,,,PSS,Parti Socialiste du Sénégal,,
SEN,Senegal,1960,1981,,,UPS,Union de Progressif de Senegalese,,
SEN,Senegal,2.00E+03,2.00E+03,,,PDS,Parti Démocratique Sénégalais,,
SGP,Singapore,1990,2004,,,PAP,People’s Action Party,,
SLB,Solomon Islands,1978,1989,,,SIUPA,Solomon Islands Unity Party,,
SLB,Solomon Islands,1981,2006,,,PAP,People's Alliance Party,,
SLB,Solomon Islands,1984,1989,,,NFP,Nationalist Front for Progress,,
SLB,Solomon Islands,1984,1986,,,SAS,Solomon Ano Sagufenua,,
SLB,Solomon Islands,1993,1994,,,NCP,National Coalition Partners,,
SLB,Solomon Islands,1994,1997,,,GNUR,,,
SLB,Solomon Islands,1997,2.00E+03,,,SILP-SIAC,Solomon Islands Liberal Party and Solomon Islands Alliance for Change,,
SLB,Solomon Islands,2.00E+03,2001,,,PPP,People's Alliance Party,,
SLB,Solomon Islands,2006,2006,,,AIM,Association of Independent Members of Parliament,,
SLB,Solomon Islands,2006,2007,,,SISCP,Solomon Islands Social Credit Party,,
SLB,Solomon Islands,2007,1970,,,SIAC,Solomon Islands Alliance for Change,,
SLB,Solomon Islands,2007,1970,,,SILP,Solomon Islands Liberal Party,,
SLE,Sierra Leone,1961,2007,,,SLPP,Sierra Leone People's Party,,
SLE,Sierra Leone,1968,2007,,,APC,All People's Congress,,
SLV,El Salvador,1919,1931,,,PND,Partido Nacional Democrático,,
SLV,El Salvador,1931,1944,,,PPP,,,
SLV,El Salvador,1931,1931,,,PT,,,
SLV,El Salvador,1950,1960,,,PRUD,,,
SLV,El Salvador,1962,1979,,,PCN,,,
SLV,El Salvador,1980,1989,,,PDC,Christian Democratic Party,,
SLV,El Salvador,1989,2004,,,ARENA,,,
SOM,Somalia,1960,1969,,,SYL,Somali Youth League,,
SOM,Somalia,1969,1977,,,SRSP,Mil to Somali Revolutionary Socialist Party,,
SRB,Yugoslavia,1934,1941,,,House,,,
SRB,Yugoslavia,1934,1941,,,Karadjordjevic,,,
SRB,Yugoslavia,1934,1941,,,of,,,
SRB,Yugoslavia,1945,1989,,,SKJ,League of Yugoslav Communists,,
SRB,Yugoslavia,1989,2.00E+03,,,SKS,Communists of Serbia,,
SRB,Yugoslavia,1989,2.00E+03,,,SPS,Socialist Party of Serbia,,
SRB,Yugoslavia,2.00E+03,2003,,,DOS,Democratic Opposition of Serbia,,
SRB,Yugoslavia,2.00E+03,2003,,,DSS,Democratic Party of Serbia,,
SRB,Yugoslavia,2003,2006,,,DPS,,,
SRB,Yugoslavia,2006,2006,,,DS,,,
SVK,Slovakia,1993,1998,,,HZDS,Democratic Slovakia,,
SVK,Slovakia,1993,2006,,,SNS,Slovak National Party,,
SVK,Slovakia,1994,1994,,,AD,,,
SVK,Slovakia,1994,1994,,,APR,,,
SVK,Slovakia,1994,2006,,,KDH,,,
SVK,Slovakia,1994,1994,,,NDK,,,
SVK,Slovakia,1994,1994,,,SDL,,,
SVK,Slovakia,1994,1998,,,ZRS,Association of Workers of Slovakia,,
SVK,Slovakia,1998,2006,,,ANO,,,
SVK,Slovakia,1998,2006,,,SDK,Slovak Democratic Coalition,,
SVK,Slovakia,1998,2006,,,SDKU,Slovak Democratic and Christian Union,,
SVK,Slovakia,1998,2006,,,SMK,,,
SVK,Slovakia,2006,2006,,,LZ-HZDS,,,
SVK,Slovakia,2006,2006,,,SMER,,,
SVN,Slovenia,1992,2008,,,DeSUS,,,
SVN,Slovenia,1992,2008,,,LDS,,,
SVN,Slovenia,1992,2008,,,SDS,Slovenian Democratic Party,,
SVN,Slovenia,1992,2.00E+03,,,SDSS,,,
SVN,Slovenia,1992,2.00E+03,,,SKD,Slovene Christian Democrats,,
SVN,Slovenia,1992,1992,,,SKD-DEMOS,,,
SVN,Slovenia,1992,2008,,,SLS,Slovenian People’s Party,,
SVN,Slovenia,1992,2008,,,ZLSD,United List of Social Democrats,,
SVN,Slovenia,1992,2.00E+03,,,ZS,,,
SVN,Slovenia,2.00E+03,2004,,,SLS-SKD,,,
SVN,Slovenia,2004,2008,,,NS-KLS,,,
SVN,Slovenia,2008,2008,,,Zares,,,
SWE,Sweden,1920,1920,,,LS,,Liberala Samlingspartiet,
SWE,Sweden,1920,1936,,,SAP,,,
SWE,Sweden,1923,1946,,,NP,National Party,,
SWE,Sweden,1926,1932,,,FF,,,
SWE,Sweden,1936,1946,,,BF,Agrarian Party or Agrarian Alliance,,
SWE,Sweden,1936,2006,,,FP,People’s Party Liberals,,
SWE,Sweden,1936,2006,,,SDA,Swedish Social Democratic Party (SPA),,
SWE,Sweden,1946,1969,,,BF-CP,,,
SWE,Sweden,1976,1994,,,CP,Center Party,,
SWE,Sweden,1976,1994,,,MUP,Moderate Coalition Party,,
SWE,Sweden,1991,1994,,,KDS,,,
SWE,Sweden,2006,2006,,,C,,,
SWE,Sweden,2006,2006,,,KD,"FP, the Christian Democrats",,
SWE,Sweden,2006,2006,,,M,Moderate Party,,
SWZ,Swaziland,1968,1986,,,Nkosi-Dlamini,,,
SYR,Syria,1949,1961,,,KW,al-Kutla al-Wataniya,,
SYR,Syria,1949,1961,,,SNP,,,
SYR,Syria,1949,1949,,,SSNP,,,
SYR,Syria,1961,1963,,,HS,People's Party,Hizb ash-Sha'b,
SYR,Syria,1963,2.00E+03,,,Baath,,,
SYR,Syria,1971,2.00E+03,,,NPF,Baath to National Progressive Front,,
TCD,Chad,1960,1975,,,MNRCS,Révolution Culturelle et Sociale,,
TCD,Chad,1960,1975,,,PPT,Parti Progressiste Tchad,,
TCD,Chad,1979,1982,,,FROLIANT-FAP,,,
TCD,Chad,1982,1990,,,FAN,Forces Armées du Nord,,
TCD,Chad,1982,1990,,,UNIR,,,
TCD,Chad,1990,1960,,,MPS,Mouvement Patriotique du Salut,,
TGO,Togo,1960,1963,,,CUT,Comité de l'Unité Togolaise,,
TGO,Togo,1963,1967,,,MPT,Mouvement des Personnes Togolaises,,
TGO,Togo,1967,2005,,,RPT,,,
THA,Thailand,1925,1932,,,Chakri,,,
THA,Thailand,1932,1944,,,TPP,,,
THA,Thailand,1944,1946,,,KR,,,
THA,Thailand,1946,1947,,,CF,Constitutional Front Party,,
THA,Thailand,1947,1957,,,SM,,,
THA,Thailand,1958,1963,,,RP,,,
THA,Thailand,1975,1976,,,PKS,,,
THA,Thailand,1975,2008,,,PP,Democratic Party,,
THA,Thailand,1988,2006,,,CT,Chat Thai,,
THA,Thailand,1992,1995,,,CP,Chart Pattana,,
THA,Thailand,1992,2006,,,NAP,New Aspiration Party,,
THA,Thailand,1992,2001,,,PD,Palang Dharma Solidarity parties,,
THA,Thailand,1992,2001,,,SAP,Social Action Party,,
THA,Thailand,1992,2001,,,Seritham,,,
THA,Thailand,1992,2001,,,Sol,,,
THA,Thailand,1995,1997,,,MCP,,,
THA,Thailand,1995,1996,,,NT,Nam Thai,,
THA,Thailand,1995,1996,,,PDP,,,
THA,Thailand,1995,1997,,,PTP,,,
THA,Thailand,1996,2008,,,Chart,,,
THA,Thailand,1996,1997,,,Pattana,,,
THA,Thailand,1997,2006,,,CPP,Chart Pattana Party,,
THA,Thailand,1997,2001,,,PT,Prachakorn Thai Party,,
THA,Thailand,1997,2008,,,Thai,,,
THA,Thailand,2001,2006,,,TRT,Thai Rak Thai,,
THA,Thailand,2008,1953,,,Bhumjaithai,,,
THA,Thailand,2008,1953,,,CTP,,,
THA,Thailand,2008,2008,,,NDP,,,
THA,Thailand,2008,2008,,,PPP,Pro-Thaksin People's Power Party,,
THA,Thailand,2008,1953,,,PuePandin,,,
THA,Thailand,2008,1953,,,RuamjaithaiChartpattana,,,
THA,Thailand,2008,2008,,,SC,,,
THA,Thailand,2008,1953,,,TP,,,
THA,Thailand,2008,2008,,,TUNDP,,,
TJK,Tajikistan,1992,1992,,,HDKT,Hizbi Demokrati-Khalkii Tojikston,,
TJK,Tajikistan,1992,1992,,,KPT,,,
TJK,Tajikistan,1992,1992,,,Kulobi,,,
TKM,Turkmenistan,2006,2006,,,TCP,Turkmen Communist Party,,
TKM,Turkmenistan,2006,2006,,,TDP,Democratic Party of Turkmenistan,,
TTO,Trinidad and Tobago,1962,2001,,,PNM,,,
TTO,Trinidad and Tobago,1986,2001,,,NAR,,,
TTO,Trinidad and Tobago,1995,2001,,,UNC,,,
TUN,Tunisia,1957,1957,,,Husayni,,,
TUN,Tunisia,1957,1987,,,PND,Parti Néo Destourien,,
TUN,Tunisia,1957,1987,,,PSD,Parti Socialiste Destourien,,
TUN,Tunisia,1987,1951,,,RCD,,,
TUR,Turkey,1922,1996,,,CHP,,,
TUR,Turkey,1922,1922,,,Osmanli,,,
TUR,Turkey,1950,1979,,,DP,,,
TUR,Turkey,1961,1965,,,IND,,,
TUR,Turkey,1961,1980,,,JP,Demirel,,
TUR,Turkey,1961,1965,,,NPT,New Turkey Party,,"duplicate of NTP – CHISOLS: ""1962 elections resulted in a CHP/NTP/RPNP/IND coalition"""
TUR,Turkey,1961,1965,,,RPNP,,,
TUR,Turkey,1965,1965,,,NP,,,
TUR,Turkey,1965,1965,,,NTP,New Turkey Party,,
TUR,Turkey,1971,1973,,,NRP,"Republican Reliance Party, formerly National Reliance Party",,
TUR,Turkey,1973,1979,,,RRP,,,
TUR,Turkey,1974,1978,,,NSP,,,
TUR,Turkey,1975,1978,,,NAP,Nationalist Action Party,,
TUR,Turkey,1983,2002,,,AnaP,,,
TUR,Turkey,1991,1999,,,DYP,,,
TUR,Turkey,1991,1996,,,SHP,,,
TUR,Turkey,1996,1997,,,RP,,,
TUR,Turkey,1997,2002,,,DSP,,,
TUR,Turkey,1999,2002,,,MHP,,,
TUR,Turkey,2002,2003,,,AKP,,,
TWN,Taiwan,1950,2.00E+03,,,KMT,,,
TWN,Taiwan,2.00E+03,2008,,,MCT,,,
TZA,Tanzania,1985,2005,,,CCM,Chama Cha Mapinduzi,,
TZA,Tanzania,1985,1985,,,TANU,Tanganyika African National Union,,
UGA,Uganda,1962,1985,,,UPC,Uganda People's Congress,,
UGA,Uganda,1986,1963,,,NRM,,,
UKR,Ukraine,2005,2005,,,BYNU,,,
URY,Uruguay,1919,2005,,,PC,Colorado Party,,
URY,Uruguay,1959,1995,,,PN,National Party,,
URY,Uruguay,2005,2005,,,FA,Broad Front,,
USA,United States of America,1921,2001,,,Dem,,,
USA,United States of America,1921,2001,,,Rep,,,
UZB,Uzbekistan,,,,,F,Fidokorlor,,
UZB,Uzbekistan,,,,,PDP,,,
VEN,Venezuela,1935,1935,,,PLR,Liberal Restoration Party,,
VEN,Venezuela,1941,1945,,,PDV,Venezuelan Democratic Party,,
VEN,Venezuela,1945,1993,,,AD,Accion Democratica,,
VEN,Venezuela,1969,1984,,,COPEI,,,
VEN,Venezuela,1994,1999,,,CD,,,
VEN,Venezuela,1999,1966,,,MVR,,,
VEN,Venezuela,1999,1966,,,PSUV,,,
VNM,Vietnam,1969,2001,,,DCSV,,,
VNM,Vietnam,1969,1986,,,DLDV,,,
VNR,Republic of Vietnam,1954,1963,,,CL+NRM,,,
VNR,Republic of Vietnam,1954,1954,,,DVP,,,
XKX,Kosovo,,,,,PDK,,,
YEM,Yemen Arab Republic,1948,1948,,,al-Ahrar,,,
YEM,Yemen Arab Republic,1948,1962,,,al-Qasimi,,,
YEM,Yemen Arab Republic,1967,1967,,,MSA,al-Mu’tammar al-Sha’bi al-‘Am,,
YMD,Yemen People's Republic,1967,1978,,,NLF,,,
YMD,Yemen People's Republic,1969,1978,,,UPONF,,,
YMD,Yemen People's Republic,1978,1986,,,HIY,,,
ZAF,South Africa,1924,1939,,,Labour,,,
ZAF,South Africa,1924,1994,,,NP,,,
ZAF,South Africa,1924,1939,,,SAP,South Africa Party,,
ZAF,South Africa,1924,1948,,,UP,,,
ZAF,South Africa,1948,1954,,,AP,Afrikaner Party,,
ZAF,South Africa,1994,2008,,,ANC,African National Congress,,
ZMB,Zambia,1964,1991,,,UNIP,United National Independence Party,,
ZMB,Zambia,1964,1991,,,ZANC,,,
ZMB,Zambia,1991,2008,,,MMD,Movement for Multi-party Democracy,,
ZWE,Zimbabwe,1965,1979,,,RF,Rhodesian Front,,
ZWE,Zimbabwe,1979,1980,,,UANC,United African National Congress,,
ZWE,Zimbabwe,1980,1964,,,ZANU-PF,Zimbabwe African National Union-Patriotic Front,,